srid,lname,fname,title,hire_date,email
1,Adams,Andrew,General Manager,2002-08-14,andrew@chinookcorp.com
2,Edwards,Nancy,Sales Manager,2002-05-01,nancy@chinookcorp.com
3,Peacock,Jane,Sales Support Agent,2002-04-01,jane@chinookcorp.com
4,Park,Margaret,Sales Support Agent,2003-05-03,margaret@chinookcorp.com
5,Johnson,Steve,Sales Support Agent,2003-10-17,steve@chinookcorp.com
6,Mitchell,Michael,IT Manager,2003-10-17,michael@chinookcorp.com
7,King,Robert,IT Staff,2004-01-02,robert@chinookcorp.com
8,Callahan,Laura,IT Staff,2004-03-04,laura@chinookcorp.com
