movie_id,genre
11,Action
18,Action
22,Action
24,Action
58,Action
79,Action
85,Action
87,Action
89,Action
90,Action
95,Action
96,Action
98,Action
104,Action
106,Action
111,Action
120,Action
121,Action
122,Action
134,Action
146,Action
154,Action
155,Action
157,Action
169,Action
172,Action
174,Action
180,Action
187,Action
193,Action
197,Action
199,Action
200,Action
201,Action
217,Action
218,Action
253,Action
254,Action
268,Action
272,Action
277,Action
280,Action
285,Action
296,Action
306,Action
314,Action
319,Action
326,Action
330,Action
331,Action
332,Action
346,Action
348,Action
364,Action
387,Action
393,Action
395,Action
414,Action
415,Action
435,Action
440,Action
479,Action
503,Action
507,Action
525,Action
534,Action
540,Action
557,Action
558,Action
559,Action
562,Action
563,Action
584,Action
602,Action
603,Action
604,Action
605,Action
607,Action
608,Action
612,Action
616,Action
619,Action
646,Action
657,Action
658,Action
660,Action
664,Action
667,Action
668,Action
670,Action
679,Action
681,Action
682,Action
691,Action
698,Action
699,Action
700,Action
707,Action
708,Action
709,Action
710,Action
714,Action
744,Action
752,Action
754,Action
755,Action
787,Action
792,Action
834,Action
841,Action
849,Action
855,Action
861,Action
865,Action
869,Action
924,Action
943,Action
944,Action
954,Action
955,Action
956,Action
1051,Action
1103,Action
1123,Action
1250,Action
1251,Action
1266,Action
1271,Action
1368,Action
1369,Action
1370,Action
1372,Action
1408,Action
1428,Action
1452,Action
1487,Action
1493,Action
1494,Action
1495,Action
1497,Action
1499,Action
1535,Action
1537,Action
1571,Action
1572,Action
1573,Action
1574,Action
1576,Action
1577,Action
1579,Action
1593,Action
1613,Action
1619,Action
1620,Action
1635,Action
1637,Action
1639,Action
1642,Action
1656,Action
1669,Action
1687,Action
1688,Action
1701,Action
1705,Action
1724,Action
1726,Action
1729,Action
1734,Action
1735,Action
1771,Action
1858,Action
1865,Action
1880,Action
1891,Action
1892,Action
1893,Action
1894,Action
1895,Action
1911,Action
1924,Action
1927,Action
1930,Action
1946,Action
1948,Action
1966,Action
1969,Action
1979,Action
1995,Action
1996,Action
2008,Action
2024,Action
2034,Action
2043,Action
2048,Action
2059,Action
2080,Action
2085,Action
2088,Action
2100,Action
2110,Action
2112,Action
2114,Action
2135,Action
2140,Action
2142,Action
2162,Action
2163,Action
2185,Action
2207,Action
2310,Action
2312,Action
2320,Action
2370,Action
2453,Action
2486,Action
2501,Action
2502,Action
2503,Action
2636,Action
2669,Action
2749,Action
2756,Action
2787,Action
2789,Action
3040,Action
3132,Action
3172,Action
3482,Action
3512,Action
3536,Action
3595,Action
3989,Action
4105,Action
4107,Action
4108,Action
4327,Action
4349,Action
4421,Action
4442,Action
4474,Action
4512,Action
4515,Action
4597,Action
4614,Action
4638,Action
4723,Action
4824,Action
4911,Action
4965,Action
5137,Action
5174,Action
5175,Action
5236,Action
5353,Action
5491,Action
5503,Action
5550,Action
5551,Action
5820,Action
5822,Action
6038,Action
6068,Action
6071,Action
6073,Action
6278,Action
6415,Action
6479,Action
6519,Action
6520,Action
6623,Action
6950,Action
6968,Action
6978,Action
7191,Action
7220,Action
7288,Action
7299,Action
7304,Action
7305,Action
7347,Action
7364,Action
7446,Action
7450,Action
7451,Action
7459,Action
7461,Action
7485,Action
7515,Action
7516,Action
7737,Action
7873,Action
8007,Action
8009,Action
8011,Action
8068,Action
8077,Action
8078,Action
8195,Action
8198,Action
8202,Action
8285,Action
8292,Action
8337,Action
8373,Action
8374,Action
8409,Action
8427,Action
8456,Action
8487,Action
8536,Action
8584,Action
8592,Action
8656,Action
8681,Action
8698,Action
8810,Action
8814,Action
8831,Action
8834,Action
8838,Action
8850,Action
8854,Action
8869,Action
8870,Action
8909,Action
8914,Action
8960,Action
8961,Action
8963,Action
8975,Action
8982,Action
8987,Action
9042,Action
9053,Action
9067,Action
9074,Action
9208,Action
9257,Action
9268,Action
9271,Action
9288,Action
9289,Action
9292,Action
9311,Action
9312,Action
9313,Action
9331,Action
9334,Action
9335,Action
9341,Action
9342,Action
9348,Action
9350,Action
9355,Action
9361,Action
9362,Action
9367,Action
9381,Action
9383,Action
9387,Action
9389,Action
9400,Action
9414,Action
9416,Action
9425,Action
9433,Action
9434,Action
9448,Action
9449,Action
9455,Action
9457,Action
9470,Action
9471,Action
9476,Action
9486,Action
9488,Action
9495,Action
9509,Action
9515,Action
9516,Action
9531,Action
9543,Action
9548,Action
9550,Action
9555,Action
9562,Action
9567,Action
9570,Action
9588,Action
9593,Action
9594,Action
9610,Action
9615,Action
9618,Action
9619,Action
9620,Action
9624,Action
9625,Action
9626,Action
9631,Action
9654,Action
9659,Action
9664,Action
9679,Action
9691,Action
9693,Action
9702,Action
9703,Action
9705,Action
9737,Action
9759,Action
9760,Action
9766,Action
9770,Action
9772,Action
9798,Action
9799,Action
9802,Action
9804,Action
9806,Action
9822,Action
9823,Action
9824,Action
9825,Action
9826,Action
9829,Action
9869,Action
9882,Action
9884,Action
9890,Action
9920,Action
9923,Action
9945,Action
9946,Action
9947,Action
9950,Action
9954,Action
9955,Action
9978,Action
9989,Action
10003,Action
10016,Action
10017,Action
10022,Action
10027,Action
10034,Action
10040,Action
10045,Action
10047,Action
10048,Action
10054,Action
10061,Action
10070,Action
10074,Action
10077,Action
10090,Action
10105,Action
10117,Action
10135,Action
10136,Action
10138,Action
10159,Action
10167,Action
10179,Action
10189,Action
10195,Action
10196,Action
10204,Action
10253,Action
10329,Action
10336,Action
10350,Action
10357,Action
10366,Action
10375,Action
10388,Action
10413,Action
10425,Action
10428,Action
10431,Action
10461,Action
10477,Action
10483,Action
10528,Action
10534,Action
10535,Action
10550,Action
10555,Action
10569,Action
10589,Action
10590,Action
10610,Action
10615,Action
10622,Action
10623,Action
10632,Action
10643,Action
10656,Action
10661,Action
10705,Action
10718,Action
10724,Action
10743,Action
10762,Action
10764,Action
10771,Action
10782,Action
10783,Action
10786,Action
10796,Action
10803,Action
10861,Action
10871,Action
10877,Action
10890,Action
10914,Action
10923,Action
10935,Action
10991,Action
10999,Action
11001,Action
11022,Action
11090,Action
11128,Action
11141,Action
11165,Action
11194,Action
11199,Action
11212,Action
11228,Action
11237,Action
11358,Action
11362,Action
11370,Action
11371,Action
11375,Action
11382,Action
11398,Action
11411,Action
11412,Action
11495,Action
11509,Action
11517,Action
11519,Action
11535,Action
11536,Action
11551,Action
11564,Action
11576,Action
11658,Action
11665,Action
11667,Action
11676,Action
11678,Action
11679,Action
11690,Action
11692,Action
11702,Action
11770,Action
11817,Action
11818,Action
11835,Action
11863,Action
11866,Action
11891,Action
11904,Action
11918,Action
11935,Action
11967,Action
11968,Action
11969,Action
11983,Action
12085,Action
12088,Action
12094,Action
12096,Action
12100,Action
12106,Action
12113,Action
12123,Action
12138,Action
12142,Action
12160,Action
12207,Action
12211,Action
12227,Action
12244,Action
12277,Action
12279,Action
12289,Action
12437,Action
12484,Action
12589,Action
12610,Action
12704,Action
12770,Action
13006,Action
13025,Action
13027,Action
13051,Action
13056,Action
13064,Action
13072,Action
13154,Action
13183,Action
13184,Action
13191,Action
13197,Action
13201,Action
13282,Action
13389,Action
13408,Action
13460,Action
13475,Action
13491,Action
13495,Action
13496,Action
13498,Action
13503,Action
13805,Action
13807,Action
13809,Action
13811,Action
13836,Action
13922,Action
13938,Action
13950,Action
14034,Action
14043,Action
14161,Action
14164,Action
14324,Action
14351,Action
14392,Action
14396,Action
14538,Action
14560,Action
14576,Action
14623,Action
14736,Action
14854,Action
14869,Action
14877,Action
15049,Action
15067,Action
15070,Action
15074,Action
15092,Action
15158,Action
15173,Action
15239,Action
15268,Action
15365,Action
15644,Action
15745,Action
15797,Action
15983,Action
16016,Action
16205,Action
16290,Action
16320,Action
16353,Action
16441,Action
16577,Action
16608,Action
16651,Action
16869,Action
16911,Action
16995,Action
17043,Action
17130,Action
17134,Action
17186,Action
17339,Action
17577,Action
17622,Action
17708,Action
17711,Action
18065,Action
18360,Action
18501,Action
18533,Action
18550,Action
18712,Action
18808,Action
18823,Action
18828,Action
18869,Action
18885,Action
18886,Action
19150,Action
19187,Action
19419,Action
19457,Action
19495,Action
19585,Action
19644,Action
19803,Action
19898,Action
19901,Action
19959,Action
19995,Action
20083,Action
20391,Action
20406,Action
20483,Action
20504,Action
20526,Action
20533,Action
20662,Action
20697,Action
21338,Action
21512,Action
21610,Action
21724,Action
22301,Action
22314,Action
22488,Action
22538,Action
22600,Action
22617,Action
22787,Action
22820,Action
22821,Action
22832,Action
22907,Action
22972,Action
23172,Action
23330,Action
23483,Action
23629,Action
23631,Action
23685,Action
23742,Action
23759,Action
24206,Action
24227,Action
24264,Action
24266,Action
24418,Action
24428,Action
24575,Action
24746,Action
24748,Action
24869,Action
25209,Action
25212,Action
25388,Action
25678,Action
25763,Action
25769,Action
25941,Action
26039,Action
26268,Action
26352,Action
26389,Action
26486,Action
26843,Action
26916,Action
27022,Action
27191,Action
27205,Action
27342,Action
27380,Action
27549,Action
27573,Action
27576,Action
27578,Action
27581,Action
27582,Action
27759,Action
27936,Action
28165,Action
28932,Action
29015,Action
29076,Action
29339,Action
29427,Action
30379,Action
30596,Action
31668,Action
31867,Action
32740,Action
33106,Action
33157,Action
33196,Action
33542,Action
34314,Action
34723,Action
34769,Action
34813,Action
34851,Action
35691,Action
35791,Action
35944,Action
36557,Action
36586,Action
36643,Action
36647,Action
36648,Action
36657,Action
36658,Action
36668,Action
36669,Action
36670,Action
36955,Action
37498,Action
37710,Action
37724,Action
37737,Action
37821,Action
37834,Action
37931,Action
37958,Action
38055,Action
38153,Action
38321,Action
38322,Action
38356,Action
38543,Action
38665,Action
38717,Action
38780,Action
38940,Action
38985,Action
39180,Action
39254,Action
39349,Action
39514,Action
39833,Action
40160,Action
40505,Action
40805,Action
40914,Action
41009,Action
41154,Action
41283,Action
41317,Action
42151,Action
42807,Action
43074,Action
43090,Action
43213,Action
43630,Action
43884,Action
43935,Action
43959,Action
44048,Action
44092,Action
44147,Action
44833,Action
44865,Action
44912,Action
44943,Action
45132,Action
45138,Action
45380,Action
45610,Action
46528,Action
46529,Action
47327,Action
47534,Action
47816,Action
47933,Action
47964,Action
48138,Action
48340,Action
48572,Action
48620,Action
49010,Action
49017,Action
49021,Action
49026,Action
49040,Action
49049,Action
49051,Action
49478,Action
49521,Action
49524,Action
49526,Action
49527,Action
49529,Action
49530,Action
49538,Action
49852,Action
50456,Action
51497,Action
51955,Action
51995,Action
52015,Action
52451,Action
52520,Action
53182,Action
53502,Action
54054,Action
54138,Action
56288,Action
56292,Action
56491,Action
56930,Action
57201,Action
58233,Action
58574,Action
58626,Action
59108,Action
59440,Action
59678,Action
59859,Action
59917,Action
59961,Action
59962,Action
59965,Action
59967,Action
60304,Action
61791,Action
62177,Action
62206,Action
62255,Action
62630,Action
62835,Action
63006,Action
64686,Action
64688,Action
64690,Action
65448,Action
66607,Action
67373,Action
67913,Action
68721,Action
68724,Action
68726,Action
68735,Action
68818,Action
69382,Action
69848,Action
70006,Action
70074,Action
70435,Action
70829,Action
71469,Action
71676,Action
71679,Action
72190,Action
72331,Action
72387,Action
72431,Action
72545,Action
72559,Action
72710,Action
75174,Action
75612,Action
75674,Action
76163,Action
76170,Action
76338,Action
76341,Action
76349,Action
76640,Action
76649,Action
76757,Action
77156,Action
77866,Action
77948,Action
79698,Action
80274,Action
81005,Action
81390,Action
81796,Action
82675,Action
82682,Action
82700,Action
82702,Action
87101,Action
87421,Action
87827,Action
88751,Action
91314,Action
94329,Action
94348,Action
96721,Action
97020,Action
97430,Action
98549,Action
98566,Action
99861,Action
100402,Action
101299,Action
102362,Action
102382,Action
102651,Action
102899,Action
106747,Action
107846,Action
107985,Action
109414,Action
109424,Action
109513,Action
110415,Action
112456,Action
116613,Action
116977,Action
117251,Action
117263,Action
118340,Action
118957,Action
119283,Action
119450,Action
122917,Action
123553,Action
127493,Action
127585,Action
131634,Action
134374,Action
135397,Action
136400,Action
136795,Action
136797,Action
137094,Action
137113,Action
138103,Action
140300,Action
142061,Action
144336,Action
146198,Action
146216,Action
146227,Action
146631,Action
147441,Action
147767,Action
152747,Action
152760,Action
156022,Action
157350,Action
166424,Action
168259,Action
168530,Action
168705,Action
171424,Action
173931,Action
174751,Action
177572,Action
177677,Action
182873,Action
184315,Action
187017,Action
188207,Action
188927,Action
190859,Action
192102,Action
192141,Action
192210,Action
193756,Action
198184,Action
198663,Action
203801,Action
204082,Action
205126,Action
205775,Action
206213,Action
206647,Action
208869,Action
209112,Action
216282,Action
218043,Action
224569,Action
225574,Action
228150,Action
228967,Action
240832,Action
241254,Action
241554,Action
242166,Action
244114,Action
244316,Action
244339,Action
250066,Action
252360,Action
253450,Action
253626,Action
254128,Action
254473,Action
254904,Action
256040,Action
256092,Action
256687,Action
256740,Action
256961,Action
257088,Action
257344,Action
258489,Action
260346,Action
266396,Action
267860,Action
268920,Action
270554,Action
270938,Action
271110,Action
273481,Action
274854,Action
285923,Action
287948,Action
290555,Action
290595,Action
290864,Action
291805,Action
293660,Action
294254,Action
295914,Action
297761,Action
299552,Action
300168,Action
300671,Action
300673,Action
302156,Action
302699,Action
307081,Action
308529,Action
308531,Action
312113,Action
315011,Action
316152,Action
316727,Action
317930,Action
322194,Action
323271,Action
323675,Action
323677,Action
324668,Action
325173,Action
326284,Action
327833,Action
329540,Action
332411,Action
333355,Action
335778,Action
336004,Action
342521,Action
347755,Action
352978,Action
354624,Action
356483,Action
356841,Action
361159,Action
365222,Action
367551,Action
370464,Action
375290,Action
378237,Action
380733,Action
381902,Action
385383,Action
389425,Action
407887,Action
417859,Action
