﻿Actor,Title
"[Emil Eifrem,Hugo Weaving,Laurence Fishburne,Carrie-Anne Moss,Keanu Reeves]",The Matrix
"[Hugo Weaving,Laurence Fishburne,Carrie-Anne Moss,Keanu Reeves]",The Matrix Reloaded
"[Hugo Weaving,Laurence Fishburne,Carrie-Anne Moss,Keanu Reeves]",The Matrix Revolutions
"[Al Pacino,Charlize Theron,Keanu Reeves]",The Devil's Advocate
"[James Marshall,Kevin Pollak,J.T. Walsh,Aaron Sorkin,Cuba Gooding Jr.,Christopher Guest,Noah Wyle,Kiefer Sutherland,Kevin Bacon,Demi Moore,Jack Nicholson,Tom Cruise]",A Few Good Men
"[Val Kilmer,Meg Ryan,Tom Skerritt,Kelly McGillis,Tom Cruise,Anthony Edwards]",Top Gun
"[Jerry O'Connell,Bonnie Hunt,Jay Mohr,Cuba Gooding Jr.,Jonathan Lipnicki,Renee Zellweger,Kelly Preston,Regina King,Tom Cruise]",Jerry Maguire
"[Jerry O'Connell,River Phoenix,Marshall Bell,Wil Wheaton,Kiefer Sutherland,John Cusack,Corey Feldman]",Stand By Me
"[Helen Hunt,Jack Nicholson,Cuba Gooding Jr.,Greg Kinnear]",As Good as It Gets
"[Robin Williams,Cuba Gooding Jr.,Max von Sydow,Werner Herzog,Annabella Sciorra]",What Dreams May Come
"[Ethan Hawke,Rick Yune,Max von Sydow,James Cromwell]",Snow Falling on Cedars
"[Tom Hanks,Parker Posey,Greg Kinnear,Meg Ryan,Steve Zahn,Dave Chappelle]",You've Got Mail
"[Meg Ryan,Victor Garber,Tom Hanks,Bill Pullman,Rita Wilson,Rosie O'Donnell]",Sleepless in Seattle
"[Tom Hanks,Nathan Lane,Meg Ryan]",Joe Versus the Volcano
"[Tom Hanks,Liv Tyler,Charlize Theron]",That Thing You Do
"[Brooke Langton,Keanu Reeves,Orlando Jones,Gene Hackman]",The Replacements
"[Zach Grenier,Steve Zahn,Christian Bale,Marshall Bell]",RescueDawn
"[Robin Williams,Nathan Lane,Gene Hackman]",The Birdcage
"[Clint Eastwood,Gene Hackman,Richard Harris]",Unforgiven
"[Ice-T,Dina Meyer,Keanu Reeves,Takeshi Kitano]",Johnny Mnemonic
"[Tom Hanks,Jim Broadbent,Halle Berry,Hugo Weaving]",Cloud Atlas
"[Tom Hanks,Ian McKellen,Audrey Tautou,Paul Bettany]",The Da Vinci Code
"[John Hurt,Stephen Rea,Natalie Portman,Hugo Weaving,Ben Miles]",V for Vendetta
"[Emile Hirsch,Rain,Christina Ricci,Ben Miles,Susan Sarandon,John Goodman,Matthew Fox]",Speed Racer
"[Rain,Ben Miles,Rick Yune,Naomie Harris]",Ninja Assassin
"[Sam Rockwell,Bonnie Hunt,Patricia Clarkson,James Cromwell,Tom Hanks,Michael Clarke Duncan,David Morse,Gary Sinise]",The Green Mile
"[John C. Reilly,Danny DeVito,J.T. Walsh,Jack Nicholson]",Hoffa
"[Tom Hanks,Ed Harris,Gary Sinise,Kevin Bacon,Bill Paxton]",Apollo 13
"[Helen Hunt,Tom Hanks]",Cast Away
"[Danny DeVito,Jack Nicholson]",One Flew Over the Cuckoo's Nest
"[Keanu Reeves,Diane Keaton,Jack Nicholson]",Something's Gotta Give
"[Robin Williams,Oliver Platt]",Bicentennial Man
"[Julia Roberts,Tom Hanks,Philip Seymour Hoffman]",Charlie Wilson's War
[Tom Hanks],The Polar Express
"[Tom Hanks,Madonna,Rosie O'Donnell,Geena Davis,Bill Paxton,Lori Petty]",A League of Their Own